-- ============================================
-- AI 客服智能体 - 数据库初始化脚本
-- 数据库：chatbi / MySQL 5.7+
-- ============================================

CREATE DATABASE IF NOT EXISTS chatbi
  DEFAULT CHARACTER SET utf8mb4
  DEFAULT COLLATE utf8mb4_general_ci;

USE chatbi;

-- ============================================
-- 1. 用户表
-- ============================================
DROP TABLE IF EXISTS users;
CREATE TABLE users (
  id         INT AUTO_INCREMENT PRIMARY KEY,
  username   VARCHAR(50)  NOT NULL COMMENT '用户名',
  phone      VARCHAR(20)  DEFAULT NULL COMMENT '手机号',
  email      VARCHAR(100) DEFAULT NULL COMMENT '邮箱',
  created_at DATETIME     DEFAULT CURRENT_TIMESTAMP,
  UNIQUE KEY uk_username (username)
) ENGINE=InnoDB DEFAULT CHARSET=utf8mb4 COMMENT='用户表';

-- ============================================
-- 2. 商品表
-- ============================================
DROP TABLE IF EXISTS products;
CREATE TABLE products (
  id          INT AUTO_INCREMENT PRIMARY KEY,
  name        VARCHAR(200)   NOT NULL COMMENT '商品名称',
  category    VARCHAR(50)    DEFAULT NULL COMMENT '分类',
  price       DECIMAL(10,2)  NOT NULL COMMENT '单价',
  stock       INT            DEFAULT 0 COMMENT '库存',
  description TEXT           DEFAULT NULL COMMENT '商品描述',
  created_at  DATETIME       DEFAULT CURRENT_TIMESTAMP
) ENGINE=InnoDB DEFAULT CHARSET=utf8mb4 COMMENT='商品表';

-- ============================================
-- 3. 订单表
-- ============================================
DROP TABLE IF EXISTS orders;
CREATE TABLE orders (
  id             INT AUTO_INCREMENT PRIMARY KEY,
  order_no       VARCHAR(32)    NOT NULL COMMENT '订单编号',
  user_id        INT            NOT NULL COMMENT '用户ID',
  product_id     INT            NOT NULL COMMENT '商品ID',
  quantity       INT            DEFAULT 1 COMMENT '数量',
  total_price    DECIMAL(10,2)  NOT NULL COMMENT '总价',
  status         VARCHAR(20)    DEFAULT '待发货' COMMENT '订单状态',
  created_at     DATETIME       DEFAULT CURRENT_TIMESTAMP,
  UNIQUE KEY uk_order_no (order_no),
  INDEX idx_user_id (user_id),
  INDEX idx_status (status)
) ENGINE=InnoDB DEFAULT CHARSET=utf8mb4 COMMENT='订单表';

-- ============================================
-- 4. 物流表
-- ============================================
DROP TABLE IF EXISTS logistics;
CREATE TABLE logistics (
  id              INT AUTO_INCREMENT PRIMARY KEY,
  order_id        INT           NOT NULL COMMENT '订单ID',
  tracking_no     VARCHAR(50)   DEFAULT NULL COMMENT '快递单号',
  carrier         VARCHAR(50)   DEFAULT NULL COMMENT '快递公司',
  status          VARCHAR(20)   DEFAULT '运输中' COMMENT '物流状态',
  updated_at      DATETIME      DEFAULT CURRENT_TIMESTAMP ON UPDATE CURRENT_TIMESTAMP,
  INDEX idx_order_id (order_id)
) ENGINE=InnoDB DEFAULT CHARSET=utf8mb4 COMMENT='物流表';

-- ============================================
-- 5. 售后规则表
-- ============================================
DROP TABLE IF EXISTS after_sales_policy;
CREATE TABLE after_sales_policy (
  id          INT AUTO_INCREMENT PRIMARY KEY,
  policy_type VARCHAR(30)  NOT NULL COMMENT '规则类型: return/exchange/refund/damage/manual',
  title       VARCHAR(100) NOT NULL COMMENT '规则标题',
  content     TEXT         NOT NULL COMMENT '规则内容',
  updated_at  DATETIME     DEFAULT CURRENT_TIMESTAMP ON UPDATE CURRENT_TIMESTAMP,
  UNIQUE KEY uk_policy_type (policy_type)
) ENGINE=InnoDB DEFAULT CHARSET=utf8mb4 COMMENT='售后规则表';

-- ============================================
-- 6. 人工客服工单表
-- ============================================
DROP TABLE IF EXISTS human_service_ticket;
CREATE TABLE human_service_ticket (
  id            INT AUTO_INCREMENT PRIMARY KEY,
  ticket_id     VARCHAR(32)  NOT NULL COMMENT '工单编号',
  username      VARCHAR(50)  NOT NULL COMMENT '用户姓名',
  contact       VARCHAR(100) NOT NULL COMMENT '联系方式',
  service_type  VARCHAR(50)  NOT NULL COMMENT '服务类型',
  description   TEXT         NOT NULL COMMENT '问题描述',
  status        VARCHAR(20)  DEFAULT '待处理' COMMENT '状态',
  created_at    DATETIME     DEFAULT CURRENT_TIMESTAMP,
  updated_at    DATETIME     DEFAULT CURRENT_TIMESTAMP ON UPDATE CURRENT_TIMESTAMP,
  UNIQUE KEY uk_ticket_id (ticket_id)
) ENGINE=InnoDB DEFAULT CHARSET=utf8mb4 COMMENT='人工客服工单表';

-- ============================================
-- 种子数据

-- 用户（100 人）
INSERT INTO users (username, phone, email) VALUES
('叶伟', '13813356886', 'user1@example.com'),
('沈静', '13842868828', 'user2@example.com'),
('何芳', '13823756669', 'user3@example.com'),
('魏雪', '13883197857', 'user4@example.com'),
('刘辉', '13866629388', 'user5@example.com'),
('王明', '13822575562', 'user6@example.com'),
('林敏', '13877827638', 'user7@example.com'),
('余明', '13885329037', 'user8@example.com'),
('朱婷', '13897226012', 'user9@example.com'),
('吕宇', '13866306997', 'user10@example.com'),
('何磊', '13889089901', 'user11@example.com'),
('罗超', '13810872248', 'user12@example.com'),
('姚超', '13831429110', 'user13@example.com'),
('吕鑫', '13855667651', 'user14@example.com'),
('罗芳', '13838898923', 'user15@example.com'),
('姚军', '13823718431', 'user16@example.com'),
('刘涛', '13822981052', 'user17@example.com'),
('唐刚', '13856164955', 'user18@example.com'),
('余静', '13815831819', 'user19@example.com'),
('任磊', '13881971316', 'user20@example.com'),
('周波', '13860806024', 'user21@example.com'),
('刘宇', '13849349722', 'user22@example.com'),
('叶鹏', '13858537831', 'user23@example.com'),
('蒋娟', '13819335534', 'user24@example.com'),
('王玲', '13840587988', 'user25@example.com'),
('卢勇', '13820709497', 'user26@example.com'),
('何刚', '13823556182', 'user27@example.com'),
('韩静', '13870855700', 'user28@example.com'),
('叶峰', '13858966946', 'user29@example.com'),
('黄斌', '13857683626', 'user30@example.com'),
('林玲', '13845833156', 'user31@example.com'),
('吕波', '13896977837', 'user32@example.com'),
('陈鹏', '13895225343', 'user33@example.com'),
('黄宇', '13842857966', 'user34@example.com'),
('黄磊', '13860929647', 'user35@example.com'),
('罗波', '13895899313', 'user36@example.com'),
('何玲', '13853524491', 'user37@example.com'),
('卢艳', '13817507864', 'user38@example.com'),
('何峰', '13814308421', 'user39@example.com'),
('谢涛', '13845935572', 'user40@example.com'),
('陈娟', '13886125617', 'user41@example.com'),
('丁军', '13838538251', 'user42@example.com'),
('程洋', '13863100814', 'user43@example.com'),
('程磊', '13829175900', 'user44@example.com'),
('高芳', '13843101783', 'user45@example.com'),
('沈宇', '13882340307', 'user46@example.com'),
('高雪', '13888461803', 'user47@example.com'),
('曹平', '13888320463', 'user48@example.com'),
('冯斌', '13839436733', 'user49@example.com'),
('吴杰', '13876238574', 'user50@example.com'),
('刘艳', '13816323852', 'user51@example.com'),
('周芳', '13894214382', 'user52@example.com'),
('黄超', '13866661351', 'user53@example.com'),
('余强', '13861642594', 'user54@example.com'),
('韩鹏', '13872820592', 'user55@example.com'),
('潘静', '13884252722', 'user56@example.com'),
('张玲', '13825374874', 'user57@example.com'),
('魏平', '13882070937', 'user58@example.com'),
('姚静', '13896028436', 'user59@example.com'),
('宋伟', '13849392920', 'user60@example.com'),
('曹丽', '13870897765', 'user61@example.com'),
('张雪', '13845351479', 'user62@example.com'),
('董艳', '13833978249', 'user63@example.com'),
('董波', '13824282218', 'user64@example.com'),
('叶勇', '13895758349', 'user65@example.com'),
('董鹏', '13836697396', 'user66@example.com'),
('马斌', '13831682744', 'user67@example.com'),
('袁艳', '13881182864', 'user68@example.com'),
('张鹏', '13853507489', 'user69@example.com'),
('田明', '13825014631', 'user70@example.com'),
('许平', '13851273847', 'user71@example.com'),
('郭华', '13842329237', 'user72@example.com'),
('蒋强', '13821496211', 'user73@example.com'),
('任洋', '13819289546', 'user74@example.com'),
('姚宇', '13826879290', 'user75@example.com'),
('吴玲', '13873791320', 'user76@example.com'),
('于丽', '13845575298', 'user77@example.com'),
('潘刚', '13891415657', 'user78@example.com'),
('曹娟', '13882383095', 'user79@example.com'),
('姚雪', '13836998038', 'user80@example.com'),
('丁勇', '13863551839', 'user81@example.com'),
('苏娜', '13860119651', 'user82@example.com'),
('彭平', '13879467853', 'user83@example.com'),
('彭伟', '13843273328', 'user84@example.com'),
('何强', '13855377076', 'user85@example.com'),
('李辉', '13884346088', 'user86@example.com'),
('何辉', '13839557077', 'user87@example.com'),
('张强', '13894705205', 'user88@example.com'),
('赵敏', '13819046318', 'user89@example.com'),
('王刚', '13854349361', 'user90@example.com'),
('陈杰', '13841944441', 'user91@example.com'),
('罗玲', '13875151231', 'user92@example.com'),
('林宇', '13827758595', 'user93@example.com'),
('任波', '13886644106', 'user94@example.com'),
('蒋洋', '13842614537', 'user95@example.com'),
('萧超', '13864634663', 'user96@example.com'),
('朱伟', '13823009833', 'user97@example.com'),
('苏鑫', '13857553014', 'user98@example.com'),
('曹鑫', '13872682989', 'user99@example.com'),
('任华', '13897705310', 'user100@example.com');

-- 商品（100 件）
INSERT INTO products (name, category, price, stock, description) VALUES
('瑜伽垫 Pro', '运动', 4031.72, 178, '瑜伽垫，Pro系列，品质保证'),
('高清投影仪 Max', '数码', 1909.92, 234, '高清投影仪，Max系列，品质保证'),
('工作站 X3', '电脑', 2792.32, 132, '工作站，X3系列，品质保证'),
('电子书阅读器 Elite', '数码', 987.92, 338, '电子书阅读器，Elite系列，品质保证'),
('智能台灯 S2', '家居', 9263.47, 439, '智能台灯，S2系列，品质保证'),
('4K显示器 Air', '电脑', 4861.02, 114, '4K显示器，Air系列，品质保证'),
('Type-C数据线 X3', '配件', 3795.5, 204, 'Type-C数据线，X3系列，品质保证'),
('鼠标垫 Ultra', '外设', 4235.36, 495, '鼠标垫，Ultra系列，品质保证'),
('骑行手套 Plus', '运动', 1556.18, 156, '骑行手套，Plus系列，品质保证'),
('轻薄笔记本 Lite', '电脑', 7359.25, 36, '轻薄笔记本，Lite系列，品质保证'),
('哑铃组 Pro', '运动', 510.78, 249, '哑铃组，Pro系列，品质保证'),
('电风扇 X3', '家居', 578.08, 265, '电风扇，X3系列，品质保证'),
('便携蓝牙音箱 S2', '数码', 5953.77, 350, '便携蓝牙音箱，S2系列，品质保证'),
('工作站 S2', '电脑', 9415.6, 296, '工作站，S2系列，品质保证'),
('移动硬盘 Lite', '电脑', 406.88, 46, '移动硬盘，Lite系列，品质保证'),
('数据线收纳包 Lite', '配件', 5232.03, 483, '数据线收纳包，Lite系列，品质保证'),
('摄像头 Mini', '外设', 2394.16, 207, '摄像头，Mini系列，品质保证'),
('机械革命 Plus', '电脑', 3168.23, 389, '机械革命，Plus系列，品质保证'),
('无线蓝牙耳机 Plus', '数码', 6214.72, 293, '无线蓝牙耳机，Plus系列，品质保证'),
('智能手表 Elite', '数码', 2139.12, 140, '智能手表，Elite系列，品质保证'),
('平板电脑 S2', '电脑', 8793.02, 194, '平板电脑，S2系列，品质保证'),
('USB扩展坞 Plus', '外设', 8338.26, 365, 'USB扩展坞，Plus系列，品质保证'),
('显示器支架 Elite', '外设', 88.05, 423, '显示器支架，Elite系列，品质保证'),
('加湿器 S2', '家居', 9388.97, 73, '加湿器，S2系列，品质保证'),
('电竞鼠标 S2', '外设', 7425.97, 84, '电竞鼠标，S2系列，品质保证'),
('麦克风 Lite', '外设', 2113.9, 180, '麦克风，Lite系列，品质保证'),
('机械革命 Elite', '电脑', 4889.89, 468, '机械革命，Elite系列，品质保证'),
('智能手表 Air', '数码', 8294.34, 27, '智能手表，Air系列，品质保证'),
('运动相机 X3', '数码', 6374.09, 139, '运动相机，X3系列，品质保证'),
('一体机 Elite', '电脑', 7058.88, 292, '一体机，Elite系列，品质保证'),
('智能手表 S2', '数码', 9450.11, 358, '智能手表，S2系列，品质保证'),
('二合一笔记本 Pro', '电脑', 8346.75, 303, '二合一笔记本，Pro系列，品质保证'),
('电动牙刷 Air', '家居', 1282.97, 162, '电动牙刷，Air系列，品质保证'),
('机械键盘 Mini', '外设', 2108.38, 132, '机械键盘，Mini系列，品质保证'),
('瑜伽垫 Mini', '运动', 7802.56, 457, '瑜伽垫，Mini系列，品质保证'),
('数据线收纳包 X3', '配件', 9257.45, 126, '数据线收纳包，X3系列，品质保证'),
('4K显示器 Pro', '电脑', 1801.55, 478, '4K显示器，Air系列，品质保证'),
('游戏手柄 Max', '外设', 2675.05, 408, '游戏手柄，Max系列，品质保证'),
('瑜伽垫 Air', '运动', 8722.06, 444, '瑜伽垫，Air系列，品质保证'),
('无线充电板 Max', '配件', 8166.87, 240, '无线充电板，Max系列，品质保证'),
('麦克风 Max', '外设', 2236.71, 342, '麦克风，Max系列，品质保证'),
('工作站 Mini', '电脑', 2792.89, 40, '工作站，Mini系列，品质保证'),
('数位板 Elite', '外设', 4002.33, 436, '数位板，Elite系列，品质保证'),
('电热水壶 Pro', '家居', 1162.06, 138, '电热水壶，Pro系列，品质保证'),
('移动硬盘 Ultra', '电脑', 392.05, 310, '移动硬盘，Ultra系列，品质保证'),
('蓝牙适配器 Mini', '配件', 4369.08, 266, '蓝牙适配器，Mini系列，品质保证'),
('无人机 Lite', '数码', 1908.62, 27, '无人机，Lite系列，品质保证'),
('护膝 Pro', '运动', 5203.44, 417, '护膝，Pro系列，品质保证'),
('扫地机器人 Mini', '家居', 4318.17, 490, '扫地机器人，Mini系列，品质保证'),
('哑铃组 Lite', '运动', 3145.63, 439, '哑铃组，Lite系列，品质保证'),
('VR一体机 Elite', '数码', 3099.38, 214, 'VR一体机，Elite系列，品质保证'),
('游戏手柄 Ultra', '外设', 5547.98, 103, '游戏手柄，Ultra系列，品质保证'),
('OTG转接头 X3', '配件', 6158.34, 159, 'OTG转接头，X3系列，品质保证'),
('笔记本散热架 Pro', '配件', 3045.34, 112, '笔记本散热架，Pro系列，品质保证'),
('数据线收纳包 Mini', '配件', 4654.71, 231, '数据线收纳包，Lite系列，品质保证'),
('筋膜枪 Elite', '运动', 4736.6, 466, '筋膜枪，Elite系列，品质保证'),
('运动水壶 S2', '运动', 2844.67, 344, '运动水壶，S2系列，品质保证'),
('泳镜 Mini', '运动', 942.75, 492, '泳镜，Mini系列，品质保证'),
('机械革命 Max', '电脑', 8066.74, 80, '机械革命，Max系列，品质保证'),
('无线蓝牙耳机 Max', '数码', 9838.54, 317, '无线蓝牙耳机，Max系列，品质保证'),
('电子书阅读器 Air', '数码', 8861.61, 299, '电子书阅读器，Air系列，品质保证'),
('工作站 Plus', '电脑', 4002.07, 80, '工作站，Plus系列，品质保证'),
('跑步鞋 S2', '运动', 7785.62, 117, '跑步鞋，S2系列，品质保证'),
('二合一笔记本 Plus', '电脑', 511.54, 132, '二合一笔记本，Plus系列，品质保证'),
('电子书阅读器 X3', '数码', 8015.33, 346, '电子书阅读器，X3系列，品质保证'),
('电风扇 Lite', '家居', 3179.42, 391, '电风扇，Lite系列，品质保证'),
('数据线收纳包 Elite', '配件', 4272.66, 469, '数据线收纳包，Elite系列，品质保证'),
('体脂秤 X3', '家居', 7438.35, 248, '体脂秤，X3系列，品质保证'),
('屏幕清洁套装 Max', '配件', 8399.37, 146, '屏幕清洁套装，Max系列，品质保证'),
('体脂秤 Max', '家居', 2752.88, 44, '体脂秤，Max系列，品质保证'),
('跳绳 Max', '运动', 2724.09, 168, '跳绳，Max系列，品质保证'),
('空气净化器 X3', '家居', 1516.56, 201, '空气净化器，X3系列，品质保证'),
('运动水壶 Max', '运动', 651.49, 213, '运动水壶，Max系列，品质保证'),
('键盘手托 Plus', '外设', 4163.11, 110, '键盘手托，Plus系列，品质保证'),
('OTG转接头 Lite', '配件', 9460.21, 15, 'OTG转接头，Lite系列，品质保证'),
('吹风机 Plus', '家居', 68.8, 185, '吹风机，Plus系列，品质保证'),
('游戏手柄 Air', '外设', 5386.24, 381, '游戏手柄，Air系列，品质保证'),
('净水器 Max', '家居', 4886.87, 144, '净水器，Max系列，品质保证'),
('读卡器 Pro', '配件', 3894.23, 347, '读卡器，Pro系列，品质保证'),
('护膝 X3', '运动', 8405.8, 475, '护膝，X3系列，品质保证'),
('移动硬盘 Elite', '电脑', 279.27, 206, '移动硬盘，Elite系列，品质保证'),
('净水器 Pro', '家居', 848.46, 224, '净水器，Pro系列，品质保证'),
('一体机 X3', '电脑', 512.2, 199, '一体机，X3系列，品质保证'),
('摄像头 Plus', '外设', 3274.8, 394, '摄像头，Plus系列，品质保证'),
('屏幕清洁套装 Air', '配件', 2529.87, 46, '屏幕清洁套装，Air系列，品质保证'),
('Type-C数据线 Elite', '配件', 530.19, 492, 'Type-C数据线，Elite系列，品质保证'),
('摄像头 S2', '外设', 7813.72, 338, '摄像头，S2系列，品质保证'),
('无线蓝牙耳机 Pro', '数码', 6216.48, 127, '无线蓝牙耳机，Max系列，品质保证'),
('一体机 S2', '电脑', 5643.45, 116, '一体机，S2系列，品质保证'),
('屏幕清洁套装 Mini', '配件', 1685.96, 315, '屏幕清洁套装，Mini系列，品质保证'),
('瑜伽垫 X3', '运动', 9646.59, 60, '瑜伽垫，X3系列，品质保证'),
('智能台灯 Ultra', '家居', 5761.59, 469, '智能台灯，Ultra系列，品质保证'),
('OTG转接头 Max', '配件', 769.04, 358, 'OTG转接头，Max系列，品质保证'),
('筋膜枪 S2', '运动', 6974.23, 159, '筋膜枪，S2系列，品质保证'),
('泳镜 S2', '运动', 7963.49, 294, '泳镜，S2系列，品质保证'),
('运动相机 Elite', '数码', 4289.01, 194, '运动相机，Elite系列，品质保证'),
('录音笔 Mini', '数码', 136.28, 220, '录音笔，Mini系列，品质保证'),
('氮化镓充电器 Air', '配件', 9607.3, 330, '氮化镓充电器，Air系列，品质保证'),
('手机支架 Air', '配件', 1769.35, 272, '手机支架，Air系列，品质保证'),
('跳绳 Lite', '运动', 8083.08, 280, '跳绳，Lite系列，品质保证');

-- 订单（120 笔）
INSERT INTO orders (order_no, user_id, product_id, quantity, total_price, status) VALUES
('ORD202608140001', 94, 76, 3, 9688.29, '待发货'),
('ORD202505150002', 32, 97, 4, 22808.76, '已取消'),
('ORD202606010003', 64, 42, 2, 9760.18, '已发货'),
('ORD202606090004', 77, 90, 3, 16685.25, '已完成'),
('ORD202502080005', 93, 53, 4, 22222.44, '待发货'),
('ORD202611230006', 63, 58, 1, 939.42, '待发货'),
('ORD202612080007', 40, 85, 5, 18480.4, '已完成'),
('ORD202607240008', 71, 43, 3, 21092.37, '已发货'),
('ORD202605080009', 16, 93, 2, 6323.88, '已取消'),
('ORD202504070010', 95, 62, 3, 21743.55, '已退货'),
('ORD202602270011', 25, 38, 2, 7229.56, '已发货'),
('ORD202512180012', 17, 36, 1, 9742.23, '已完成'),
('ORD202612050013', 82, 97, 4, 4138.64, '待付款'),
('ORD202608160014', 57, 44, 2, 19308.7, '已发货'),
('ORD202602270015', 9, 52, 4, 2999.64, '已取消'),
('ORD202503050016', 73, 39, 1, 9938.25, '待付款'),
('ORD202610200017', 80, 29, 5, 19047.65, '运输中'),
('ORD202610140018', 40, 73, 5, 3057.75, '已取消'),
('ORD202504210019', 28, 34, 1, 1578.76, '待发货'),
('ORD202503010020', 53, 58, 5, 23519.5, '待付款'),
('ORD202505230021', 37, 90, 4, 2883.68, '待发货'),
('ORD202611190022', 85, 26, 4, 4625.64, '待发货'),
('ORD202505270023', 19, 10, 1, 1667.32, '已发货'),
('ORD202608040024', 60, 89, 3, 20998.83, '已发货'),
('ORD202608030025', 77, 6, 4, 29388.92, '已完成'),
('ORD202601030026', 30, 87, 5, 29373.65, '待付款'),
('ORD202610020027', 98, 97, 2, 9419.56, '已取消'),
('ORD202605060028', 75, 56, 4, 38759.56, '运输中'),
('ORD202607110029', 42, 86, 1, 8577.88, '已发货'),
('ORD202612160030', 37, 85, 4, 32546.76, '已完成'),
('ORD202508030031', 41, 33, 3, 3503.55, '已退货'),
('ORD202609270032', 1, 85, 5, 23123.15, '待付款'),
('ORD202509120033', 80, 97, 4, 25028.68, '已退货'),
('ORD202504090034', 71, 17, 3, 13158.87, '已取消'),
('ORD202602010035', 81, 78, 2, 14199.98, '已发货'),
('ORD202509140036', 12, 29, 1, 4619.35, '待付款'),
('ORD202508230037', 38, 66, 3, 12480.81, '运输中'),
('ORD202604150038', 71, 19, 4, 7655.72, '已完成'),
('ORD202502090039', 99, 54, 3, 28026.6, '已完成'),
('ORD202601100040', 93, 39, 5, 29014.05, '已取消'),
('ORD202603150041', 69, 62, 3, 9992.04, '已退货'),
('ORD202608110042', 25, 90, 2, 11443.28, '待发货'),
('ORD202601110043', 96, 61, 4, 15465.92, '已取消'),
('ORD202508020044', 17, 65, 5, 16631.15, '待付款'),
('ORD202602170045', 59, 2, 2, 8210.44, '已取消'),
('ORD202502160046', 34, 44, 5, 34647.0, '已取消'),
('ORD202506280047', 87, 69, 4, 38163.6, '已取消'),
('ORD202609020048', 80, 9, 2, 12629.26, '已发货'),
('ORD202512030049', 56, 13, 1, 4441.85, '已取消'),
('ORD202601020050', 42, 8, 3, 10771.89, '运输中'),
('ORD202504170051', 53, 73, 2, 3415.76, '待付款'),
('ORD202610220052', 31, 64, 5, 7197.6, '运输中'),
('ORD202608090053', 86, 2, 4, 36048.68, '已取消'),
('ORD202502150054', 45, 76, 3, 19176.96, '运输中'),
('ORD202608280055', 39, 26, 4, 34135.8, '待付款'),
('ORD202507190056', 46, 74, 3, 29778.0, '已发货'),
('ORD202511130057', 36, 2, 5, 43255.7, '已退货'),
('ORD202510240058', 64, 37, 2, 12147.86, '已发货'),
('ORD202511070059', 80, 33, 2, 12571.06, '已取消'),
('ORD202505260060', 57, 5, 5, 18272.7, '待发货'),
('ORD202505110061', 96, 54, 2, 4031.32, '已退货'),
('ORD202609170062', 35, 22, 3, 27421.29, '运输中'),
('ORD202612280063', 44, 15, 4, 38513.36, '待发货'),
('ORD202511240064', 87, 51, 5, 18318.3, '已退货'),
('ORD202601090065', 69, 16, 4, 14766.96, '已取消'),
('ORD202610130066', 82, 48, 1, 6750.91, '运输中'),
('ORD202510180067', 42, 79, 2, 12958.72, '已取消'),
('ORD202612100068', 84, 53, 1, 1406.15, '待付款'),
('ORD202608040069', 13, 31, 5, 6825.3, '运输中'),
('ORD202611240070', 90, 70, 4, 23507.6, '已取消'),
('ORD202507210071', 13, 63, 5, 20433.05, '已发货'),
('ORD202512120072', 28, 57, 4, 38020.36, '已退货'),
('ORD202602220073', 48, 70, 3, 1844.22, '已发货'),
('ORD202502280074', 59, 12, 2, 12839.9, '已完成'),
('ORD202501260075', 43, 32, 2, 15742.2, '待发货'),
('ORD202509070076', 76, 28, 2, 6583.82, '待发货'),
('ORD202505280077', 19, 17, 5, 12568.55, '待发货'),
('ORD202511280078', 4, 17, 1, 3588.42, '已退货'),
('ORD202510110079', 3, 23, 3, 1599.96, '已取消'),
('ORD202609040080', 96, 9, 4, 17951.08, '已发货'),
('ORD202508170081', 29, 79, 1, 7274.4, '已退货'),
('ORD202608210082', 4, 8, 4, 33894.6, '运输中'),
('ORD202508230083', 57, 10, 1, 3227.51, '待发货'),
('ORD202503090084', 80, 82, 5, 27437.45, '已发货'),
('ORD202610170085', 38, 59, 5, 30287.85, '待付款'),
('ORD202511210086', 99, 71, 2, 8611.82, '待发货'),
('ORD202606270087', 59, 52, 4, 29192.28, '已发货'),
('ORD202606220088', 33, 48, 2, 13741.24, '运输中'),
('ORD202502270089', 11, 12, 4, 3897.96, '已取消'),
('ORD202603180090', 8, 76, 5, 28103.05, '已取消'),
('ORD202507120091', 86, 97, 4, 34725.44, '已取消'),
('ORD202505200092', 40, 46, 1, 5782.79, '待发货'),
('ORD202511160093', 29, 14, 3, 25363.26, '已发货'),
('ORD202505190094', 29, 55, 5, 48723.7, '已退货'),
('ORD202510220095', 89, 35, 1, 1812.09, '已取消'),
('ORD202606120096', 1, 24, 2, 11333.88, '运输中'),
('ORD202503240097', 82, 4, 1, 7462.89, '待发货'),
('ORD202607150098', 44, 21, 3, 9368.64, '已发货'),
('ORD202501050099', 21, 97, 5, 2534.9, '待付款'),
('ORD202608220100', 55, 63, 5, 22127.6, '已发货'),
('ORD202509040101', 45, 56, 1, 2839.28, '已取消'),
('ORD202609220102', 40, 6, 2, 7916.46, '已完成'),
('ORD202501070103', 39, 28, 2, 15286.36, '已发货'),
('ORD202602010104', 64, 96, 4, 7059.72, '运输中'),
('ORD202509180105', 86, 46, 1, 3976.28, '已取消'),
('ORD202507010106', 59, 10, 3, 17283.66, '已完成'),
('ORD202612210107', 54, 38, 1, 4055.81, '已发货'),
('ORD202510150108', 89, 47, 1, 4372.26, '待付款'),
('ORD202507190109', 52, 68, 1, 3963.25, '已发货'),
('ORD202604110110', 100, 22, 1, 5109.17, '待付款'),
('ORD202506120111', 94, 83, 2, 4740.02, '待发货'),
('ORD202604060112', 78, 20, 1, 1779.43, '已退货'),
('ORD202608250113', 73, 98, 5, 22470.3, '已完成'),
('ORD202611110114', 20, 57, 1, 4694.0, '已取消'),
('ORD202605190115', 8, 46, 5, 3755.0, '运输中'),
('ORD202601020116', 48, 37, 1, 6449.54, '已退货'),
('ORD202510200117', 65, 50, 4, 23227.48, '已退货'),
('ORD202508260118', 74, 84, 2, 6443.32, '运输中'),
('ORD202501150119', 14, 44, 1, 5049.89, '待发货'),
('ORD202504230120', 57, 57, 5, 26158.4, '待发货');

-- 物流（100 条）
INSERT INTO logistics (order_id, tracking_no, carrier, status) VALUES
(1, 'JD6509985983', '极兔速递', '到达网点'),
(2, 'SF8075122626', '圆通快递', '到达网点'),
(3, 'YT6955247915', '韵达快递', '已拒收'),
(4, 'ZT2431779064', '中通快递', '到达网点'),
(5, 'YD2683446724', '圆通快递', '到达网点'),
(6, 'JT9991312028', '极兔速递', '已签收'),
(7, 'JD5373266871', '韵达快递', '运输中'),
(8, 'ST8585583166', '申通快递', '运输中'),
(9, 'ZT1665484476', '韵达快递', '已揽收'),
(10, 'SF8137931739', '中通快递', '已签收'),
(11, 'JT1662510569', '中通快递', '已拒收'),
(12, 'ZT8392424691', '顺丰速运', '派送中'),
(13, 'JD2928130926', '申通快递', '到达网点'),
(14, 'EMS6128260438', 'EMS', '派送中'),
(15, 'YD8636984580', '极兔速递', '运输中'),
(16, 'ST2073755632', 'EMS', '到达网点'),
(17, 'YT5830454240', '圆通快递', '运输中'),
(18, 'YD3204833223', '极兔速递', '已揽收'),
(19, 'ST8802681056', '京东物流', '已揽收'),
(20, 'JT5523703900', '京东物流', '运输中'),
(21, 'JT5271453859', '京东物流', '运输中'),
(22, 'SF1627276995', '顺丰速运', '到达网点'),
(23, 'EMS8325222092', 'EMS', '已签收'),
(24, 'SF4890628295', '顺丰速运', '到达网点'),
(25, 'ST4586139213', '极兔速递', '已揽收'),
(26, 'YD6315624319', '圆通快递', '已揽收'),
(27, 'ST2963288053', '圆通快递', '派送中'),
(28, 'SF3469810046', '中通快递', '到达网点'),
(29, 'JT9596653373', '京东物流', '运输中'),
(30, 'JT3869961166', '京东物流', '已揽收'),
(31, 'SF3019214800', '极兔速递', '到达网点'),
(32, 'YD4209700340', '京东物流', '已揽收'),
(33, 'JD8544878538', '中通快递', '已揽收'),
(34, 'JD7640078465', '中通快递', '已拒收'),
(35, 'EMS1579187439', 'EMS', '已揽收'),
(36, 'YD1865826728', '申通快递', '已揽收'),
(37, 'JD9303765140', '极兔速递', '已签收'),
(38, 'EMS2087974350', '申通快递', '到达网点'),
(39, 'JD8111312076', '韵达快递', '已揽收'),
(40, 'JD9403012103', '京东物流', '运输中'),
(41, 'EMS8267378816', '京东物流', '已签收'),
(42, 'YD4440904834', '极兔速递', '已揽收'),
(43, 'JT4531928910', '韵达快递', '到达网点'),
(44, 'YT5638860656', '韵达快递', '到达网点'),
(45, 'EMS2830154607', 'EMS', '到达网点'),
(46, 'EMS9771848610', '京东物流', '已签收'),
(47, 'JT5071218314', '圆通快递', '已拒收'),
(48, 'JT3918046336', '顺丰速运', '运输中'),
(49, 'EMS1149460439', '圆通快递', '运输中'),
(50, 'JD6850392220', '顺丰速运', '已签收'),
(51, 'ZT8211516617', '京东物流', '到达网点'),
(52, 'EMS4277422858', '中通快递', '已签收'),
(53, 'JD7004510516', '韵达快递', '运输中'),
(54, 'YT9701231535', '中通快递', '派送中'),
(55, 'JT5800746936', '韵达快递', '已拒收'),
(56, 'EMS7922959795', 'EMS', '运输中'),
(57, 'YT5613018394', '中通快递', '已拒收'),
(58, 'EMS5283209430', '京东物流', '已拒收'),
(59, 'JD4047453184', '韵达快递', '到达网点'),
(60, 'ZT3738900744', '京东物流', '已签收'),
(61, 'ST1596471620', 'EMS', '已揽收'),
(62, 'JD6879428703', '中通快递', '已签收'),
(63, 'YT5577353273', '极兔速递', '已拒收'),
(64, 'EMS7552812957', '极兔速递', '已签收'),
(65, 'YT5613503623', 'EMS', '已拒收'),
(66, 'JD3524521602', '中通快递', '派送中'),
(67, 'SF4570796341', '中通快递', '到达网点'),
(68, 'ZT5990610098', '申通快递', '到达网点'),
(69, 'YD4633257620', '韵达快递', '运输中'),
(70, 'YD3291270703', '中通快递', '已签收'),
(71, 'ZT4709911999', '圆通快递', '已揽收'),
(72, 'YD3796581976', '极兔速递', '已签收'),
(73, 'SF9403748506', 'EMS', '运输中'),
(74, 'JT6572436051', '圆通快递', '已拒收'),
(75, 'SF5973917657', '极兔速递', '派送中'),
(76, 'EMS6171239466', '中通快递', '到达网点'),
(77, 'JD8991977937', '极兔速递', '运输中'),
(78, 'JD5751023835', '申通快递', '派送中'),
(79, 'YT6443749394', '申通快递', '运输中'),
(80, 'YT5512315375', '极兔速递', '已签收'),
(81, 'JT2343100352', '中通快递', '派送中'),
(82, 'EMS6620138568', '顺丰速运', '已揽收'),
(83, 'JT7465834732', '申通快递', '运输中'),
(84, 'JD1208985103', '韵达快递', '派送中'),
(85, 'EMS5756663747', '中通快递', '到达网点'),
(86, 'JD8575707116', '京东物流', '已揽收'),
(87, 'JT9809655189', '申通快递', '到达网点'),
(88, 'YD5610783750', 'EMS', '已签收'),
(89, 'YD3624410325', '中通快递', '已揽收'),
(90, 'JT9533188043', '京东物流', '运输中'),
(91, 'ST1172893522', '顺丰速运', '运输中'),
(92, 'JD8747974356', 'EMS', '运输中'),
(93, 'ZT7928074841', '中通快递', '派送中'),
(94, 'YD7844995269', 'EMS', '已拒收'),
(95, 'YD5366422491', '京东物流', '已拒收'),
(96, 'YT9503597301', '韵达快递', '已拒收'),
(97, 'SF7858674568', '韵达快递', '已拒收'),
(98, 'ST4098389895', 'EMS', '运输中'),
(99, 'JT3923699745', '顺丰速运', '已签收'),
(100, 'YT1819412471', 'EMS', '到达网点');

-- 工单（20 条）
INSERT INTO human_service_ticket (ticket_id, username, contact, service_type, description, status) VALUES
('TICKET20260705522', '赵敏', '13819046318', '商品破损', '赵敏关于笔记本散热架的商品破损申请', '已关闭'),
('TICKET20261224163', '陈杰', '13841944441', '退款', '陈杰关于扫地机器人的退款申请', '已完成'),
('TICKET20261116638', '冯斌', '13839436733', '物流异常', '冯斌关于一体机的物流异常申请', '已完成'),
('TICKET20260912792', '曹鑫', '13872682989', '缺件漏发', '曹鑫关于体脂秤的缺件漏发申请', '处理中'),
('TICKET20260409671', '何峰', '13814308421', '商品破损', '何峰关于麦克风的商品破损申请', '处理中'),
('TICKET20261223600', '陈娟', '13886125617', '人工咨询', '陈娟关于键盘手托的人工咨询申请', '已完成'),
('TICKET20260504687', '何辉', '13839557077', '投诉建议', '何辉关于蓝牙适配器的投诉建议申请', '处理中'),
('TICKET20260502394', '罗玲', '13875151231', '换货', '罗玲关于鼠标垫的换货申请', '已完成'),
('TICKET20261216319', '卢勇', '13820709497', '缺件漏发', '卢勇关于加湿器的缺件漏发申请', '处理中'),
('TICKET20260220858', '吴玲', '13873791320', '商品破损', '吴玲关于轻薄笔记本的商品破损申请', '处理中'),
('TICKET20261108153', '姚超', '13831429110', '投诉建议', '姚超关于鼠标垫的投诉建议申请', '待处理'),
('TICKET20261125240', '叶伟', '13813356886', '退款', '叶伟关于读卡器的退款申请', '已关闭'),
('TICKET20261107874', '何玲', '13853524491', '物流异常', '何玲关于机械键盘的物流异常申请', '待处理'),
('TICKET20261119337', '张鹏', '13853507489', '退货', '张鹏关于工作站的退货申请', '处理中'),
('TICKET20260127506', '董波', '13824282218', '退款', '董波关于跳绳的退款申请', '待处理'),
('TICKET20260110681', '潘刚', '13891415657', '换货', '潘刚关于麦克风的换货申请', '已关闭'),
('TICKET20261118636', '董波', '13824282218', '退款', '董波关于体脂秤的退款申请', '已完成'),
('TICKET20260426215', '程洋', '13863100814', '退款', '程洋关于运动背包的退款申请', '已完成'),
('TICKET20261206114', '蒋洋', '13842614537', '物流异常', '蒋洋关于显示器支架的物流异常申请', '处理中'),
('TICKET20260320976', '苏娜', '13860119651', '投诉建议', '苏娜关于笔记本散热架的投诉建议申请', '已完成');

-- 售后规则
INSERT INTO after_sales_policy (policy_type, title, content) VALUES
('return', '退货政策',
 '1. 自签收之日起 7 天内可申请无理由退货。\n2. 商品需保持完好，配件齐全，不影响二次销售。\n3. 退货包邮（平台承担运费）。\n4. 退款将在收到退货后 3-5 个工作日内原路返回。'),
('exchange', '换货政策',
 '1. 自签收之日起 15 天内可申请换货。\n2. 若因质量问题换货，运费由平台承担。\n3. 非质量问题换货，运费由买家承担。\n4. 换货商品将在收到退货后 2 个工作日内发出。'),
('refund', '退款政策',
 '1. 未发货订单可随时申请退款，即时到账。\n2. 已发货订单需先拒收或退回，确认后 3-5 个工作日退款。\n3. 虚拟商品一经发货不支持退款。'),
('damage', '商品破损处理',
 '1. 签收时发现破损请当场拒收并拍照留证。\n2. 签收后 24 小时内发现破损，联系客服并提供照片，可申请补发或退款。\n3. 逾期未反馈视为签收完好，不支持破损理赔。'),
('manual', '人工客服',
 '如需人工协助，请提供订单号 + 问题描述 + 联系方式，我们将尽快为您处理。');
